GROUP,PACKAGE,CLASS,INSTRUCTION_MISSED,INSTRUCTION_COVERED,BRANCH_MISSED,BRANCH_COVERED,LINE_MISSED,LINE_COVERED,COMPLEXITY_MISSED,COMPLEXITY_COVERED,METHOD_MISSED,METHOD_COVERED
MyBankManagementSystem,com.itexps.shoppingcart.mybankmanagementsystem,Account,42,30,0,0,14,12,6,6,6,6
MyBankManagementSystem,com.itexps.shoppingcart.mybankmanagementsystem,Chk_Account,57,28,0,0,17,10,5,5,5,5
MyBankManagementSystem,com.itexps.shoppingcart.mybankmanagementsystem,MyBankManagementSystem,1543,0,206,0,384,0,112,0,2,0
MyBankManagementSystem,com.itexps.shoppingcart.mybankmanagementsystem,BusinessCustomer,148,29,12,0,44,10,12,5,6,5
MyBankManagementSystem,com.itexps.shoppingcart.mybankmanagementsystem,IndividualCustomer,151,23,12,0,44,8,11,4,5,4
MyBankManagementSystem,com.itexps.shoppingcart.mybankmanagementsystem,Bank,184,142,9,0,62,33,20,13,14,13
MyBankManagementSystem,com.itexps.shoppingcart.mybankmanagementsystem,PartTimeEmployee,81,23,0,0,26,8,5,4,5,4
MyBankManagementSystem,com.itexps.shoppingcart.mybankmanagementsystem,FD_Account,57,28,0,0,17,10,5,5,5,5
MyBankManagementSystem,com.itexps.shoppingcart.mybankmanagementsystem,Sav_Account,44,22,0,0,13,8,4,4,4,4
MyBankManagementSystem,com.itexps.shoppingcart.mybankmanagementsystem,FullTimeEmployee,80,23,0,0,26,8,5,4,5,4
MyBankManagementSystem,com.itexps.shoppingcart.mybankmanagementsystem,Customer,184,156,6,0,57,22,24,7,21,7
MyBankManagementSystem,com.itexps.shoppingcart.mybankmanagementsystem,Employee,76,36,0,0,24,14,7,7,7,7
